GSM8K_performance,GSM8K_DICE,GSM-hard_performance,GSM-hard_DICE,ASDiv_performance,ASDiv_DICE,MAWPS_performance,MAWPS_DICE
9.931766489764973,0.4143129282799667,2.4260803639120545,0.411409936094031,20.045146726862303,0.41807368499968983,21.35593220338983,0.4189708285845509
0.8339651250947688,0.4254670142673829,0.22744503411675512,0.42582015235646375,6.72686230248307,0.42518724702281824,4.842615012106537,0.4252918274870219
10.68991660348749,0.48925068652430265,2.7293404094010616,0.4867383519115549,26.90744920993228,0.48849531717547984,37.04600484261501,0.48952956354069654
1.819560272934041,0.40189664469552727,0.530705079605762,0.4009412484154546,4.469525959367946,0.4080799706767967,1.694915254237288,0.40868512166903037
